Rk,Player,Pos,Age,Tm,G,GS,MP,FG,FGA,FG%,3P,3PA,3P%,2P,2PA,2P%,eFG%,FT,FTA,FT%,ORB,DRB,TRB,AST,STL,BLK,TOV,PF,PTS▼,Player-additional
1,Jayson Tatum,PF,24,BOS,52,52,1942,516,1117,.462,171,484,.353,345,633,.545,.538,387,446,.868,57,396,453,236,54,39,148,115,1590,tatumja01
2,Luka Dončić,PG,23,DAL,47,47,1714,529,1050,.504,130,368,.353,399,682,.585,.566,381,523,.728,42,374,416,387,71,24,171,130,1569,doncilu01
3,Shai Gilgeous-Alexander,PG,24,OKC,50,50,1770,512,1012,.506,47,132,.356,465,880,.528,.529,467,512,.912,43,190,233,282,84,54,142,135,1538,gilgesh01
4,Anthony Edwards,SG,21,MIN,58,58,2099,517,1115,.464,157,428,.367,360,687,.524,.534,244,318,.767,35,313,348,265,96,35,193,145,1435,edwaran01
5,Giannis Antetokounmpo,PF,28,MIL,43,43,1433,492,910,.541,35,131,.267,457,779,.587,.560,366,567,.646,104,430,534,230,33,34,174,149,1385,antetgi01
6,Julius Randle,PF,28,NYK,56,56,2009,464,1012,.458,149,441,.338,315,571,.552,.532,304,405,.751,126,483,609,237,39,17,162,176,1381,randlju01
7,Joel Embiid,C,28,PHI,41,41,1427,453,853,.531,48,134,.358,405,719,.563,.559,411,480,.856,75,338,413,166,46,65,150,133,1365,embiijo01
8,LeBron James,PF,38,LAL,44,44,1603,510,1004,.508,97,308,.315,413,696,.593,.556,211,276,.764,51,322,373,309,43,24,138,72,1328,jamesle01
9,Damian Lillard,PG,32,POR,43,43,1556,398,860,.463,172,469,.367,226,391,.578,.563,360,392,.918,27,153,180,314,36,13,132,84,1328,lillada01
10,DeMar DeRozan,SF,33,CHI,50,50,1814,465,912,.510,25,77,.325,440,835,.527,.524,340,383,.888,22,218,240,252,51,26,109,134,1295,derozde01
11,Trae Young,PG,24,ATL,48,48,1704,408,954,.428,102,320,.319,306,634,.483,.481,368,416,.885,33,106,139,479,45,7,195,75,1286,youngtr01
12,Jaylen Brown,SF,26,BOS,48,48,1707,473,971,.487,121,366,.331,352,605,.582,.549,204,262,.779,57,279,336,155,53,22,146,128,1271,brownja02
13,Lauri Markkanen,SF,25,UTA,51,51,1742,426,823,.518,157,372,.422,269,451,.596,.613,252,288,.875,90,349,439,88,33,31,92,107,1261,markkla01
14,Ja Morant,PG,23,MEM,45,45,1471,436,932,.468,77,234,.329,359,698,.514,.509,286,381,.751,53,210,263,373,45,13,159,81,1235,moranja01
15,Donovan Mitchell,SG,26,CLE,46,46,1626,426,901,.473,166,430,.386,260,471,.552,.565,214,246,.870,40,139,179,224,69,16,128,112,1232,mitchdo01
16,Jalen Brunson,PG,26,NYK,52,52,1814,432,908,.476,95,234,.406,337,674,.500,.528,246,292,.842,33,149,182,323,50,14,106,124,1205,brunsja01
17,De'Aaron Fox,PG,25,SAC,49,49,1651,446,885,.504,75,230,.326,371,655,.566,.546,220,279,.789,22,187,209,308,52,17,126,121,1187,foxde01
18,Zach LaVine,SG,27,CHI,50,50,1791,409,882,.464,141,376,.375,268,506,.530,.544,220,266,.827,28,211,239,207,52,9,129,112,1179,lavinza01
19,Nikola Jokić,C,27,DEN,47,47,1574,441,695,.635,40,105,.381,401,590,.680,.663,239,290,.824,95,436,531,481,63,31,165,125,1161,jokicni01
20,Kevin Durant,PF,34,BRK,39,39,1403,410,734,.559,71,189,.376,339,545,.622,.607,267,286,.934,14,248,262,207,32,57,136,92,1158,duranke01
21,Anfernee Simons,SG,23,POR,53,53,1899,412,905,.455,192,499,.385,220,406,.542,.561,138,152,.908,14,128,142,220,38,13,118,130,1154,simonan01
22,Pascal Siakam,C,28,TOR,46,46,1726,412,867,.475,61,187,.326,351,680,.516,.510,263,343,.767,90,277,367,284,35,25,118,159,1148,siakapa01
23,Jordan Clarkson,SG,30,UTA,55,55,1777,412,923,.446,144,418,.344,268,505,.531,.524,179,219,.817,63,156,219,233,30,12,158,107,1147,clarkjo01
24,Jordan Poole,PG,23,GSW,55,32,1679,388,883,.439,146,436,.335,242,447,.541,.522,222,257,.864,23,130,153,247,46,12,185,145,1144,poolejo01
25,Bojan Bogdanović,PF,33,DET,53,53,1684,378,778,.486,132,317,.416,246,461,.534,.571,240,273,.879,29,161,190,138,33,6,120,96,1128,bogdabo02
26,Jalen Green,SG,20,HOU,51,51,1752,379,911,.416,133,391,.340,246,520,.473,.489,231,296,.780,29,177,206,185,37,12,147,86,1122,greenja05
27,Stephen Curry,PG,34,GSW,38,38,1313,372,751,.495,185,433,.427,187,318,.588,.619,190,206,.922,22,219,241,244,37,15,122,82,1119,curryst01
28,Kyrie Irving,PG,30,TOT,41,41,1515,407,836,.487,134,356,.376,273,480,.569,.567,160,181,.884,38,170,208,216,42,34,96,112,1108,irvinky01
29,Jerami Grant,PF,28,POR,53,53,1890,375,778,.482,121,298,.406,254,480,.529,.560,227,283,.802,46,184,230,123,43,43,93,125,1098,grantje01
30,Bam Adebayo,C,25,MIA,50,50,1759,433,794,.545,1,10,.100,432,784,.551,.546,223,277,.805,140,358,498,160,59,39,126,141,1090,adebaba01
31,Kyle Kuzma,PF,27,WAS,51,51,1781,411,907,.453,126,380,.332,285,527,.541,.523,136,190,.716,48,338,386,204,25,24,149,121,1084,kuzmaky01
32,Keldon Johnson,SF,23,SAS,49,49,1596,380,860,.442,110,333,.330,270,527,.512,.506,195,250,.780,42,192,234,130,35,9,101,93,1065,johnske04
33,CJ McCollum,SG,31,NOP,50,50,1754,399,914,.437,145,372,.390,254,542,.469,.516,122,153,.797,36,182,218,293,49,29,130,94,1065,mccolcj01
34,Dejounte Murray,SG,26,ATL,50,50,1828,422,913,.462,105,287,.366,317,626,.506,.520,108,129,.837,36,236,272,313,81,17,115,73,1057,murrade01
35,Franz Wagner,SF,21,ORL,54,54,1788,383,785,.488,90,245,.367,293,540,.543,.545,193,232,.832,52,167,219,186,48,11,112,122,1049,wagnefr01
36,Kristaps Porziņģis,C,27,WAS,46,46,1498,342,713,.480,95,258,.368,247,455,.543,.546,267,320,.834,87,310,397,113,41,72,101,143,1046,porzikr01
37,Darius Garland,PG,23,CLE,47,47,1661,356,772,.461,122,294,.415,234,478,.490,.540,202,233,.867,21,110,131,379,61,5,136,95,1036,garlada01
38,Terry Rozier,SG,28,CHO,46,46,1645,372,893,.417,125,375,.333,247,518,.477,.487,130,156,.833,47,156,203,228,47,11,100,82,999,roziete01
39,Buddy Hield,SF,30,IND,56,56,1807,349,769,.454,214,498,.430,135,271,.498,.593,75,87,.862,47,235,282,153,65,19,107,110,987,hieldbu01
40,RJ Barrett,SG,22,NYK,49,49,1708,348,808,.431,89,271,.328,259,537,.482,.486,200,267,.749,46,216,262,139,24,8,110,123,985,barrerj01
41,Paolo Banchero,PF,20,ORL,48,48,1620,314,748,.420,60,205,.293,254,543,.468,.460,283,376,.753,52,265,317,178,49,22,131,110,971,banchpa01
42,Nikola Vučević,C,32,CHI,54,54,1829,397,761,.522,91,252,.361,306,509,.601,.581,86,104,.827,114,495,609,186,39,45,95,116,971,vucevni01
43,Domantas Sabonis,C,26,SAC,52,52,1787,366,601,.609,23,64,.359,343,537,.639,.628,215,286,.752,151,484,635,363,41,25,151,189,970,sabondo01
44,D'Angelo Russell,PG,26,MIN,54,54,1778,338,727,.465,148,379,.391,190,348,.546,.567,143,167,.856,28,137,165,334,60,21,147,117,967,russeda01
45,Mikal Bridges,SF,26,PHO,56,56,2040,354,764,.463,101,261,.387,253,503,.503,.529,156,174,.897,56,187,243,201,65,45,78,115,965,bridgmi01
46,Bennedict Mathurin,SF,20,IND,56,6,1574,300,707,.424,78,243,.321,222,464,.478,.479,282,342,.825,60,172,232,77,32,5,104,114,960,mathube01
47,Paul George,SG,32,LAC,41,41,1407,333,719,.463,122,313,.390,211,406,.520,.548,170,196,.867,29,220,249,212,62,15,138,111,958,georgpa01
48,Spencer Dinwiddie,PG,29,DAL,53,53,1808,316,694,.455,138,341,.405,178,353,.504,.555,170,207,.821,19,144,163,279,39,16,90,124,940,dinwisp01
49,Klay Thompson,SG,32,GSW,43,43,1408,333,787,.423,183,454,.403,150,333,.450,.539,76,84,.905,29,140,169,105,28,16,74,90,925,thompkl01
50,Fred VanVleet,PG,28,TOR,47,47,1740,303,766,.396,138,405,.341,165,361,.457,.486,179,199,.899,24,185,209,305,74,29,86,132,923,vanvlfr01
51,Gary Trent Jr.,SG,24,TOR,49,39,1642,320,719,.445,130,349,.372,190,370,.514,.535,143,172,.831,19,104,123,77,80,13,46,85,913,trentga02
52,Jamal Murray,PG,25,DEN,45,45,1464,331,718,.461,108,273,.396,223,445,.501,.536,140,168,.833,35,151,186,261,43,9,94,60,910,murraja01
53,Jimmy Butler,SF,33,MIA,40,40,1356,294,568,.518,22,72,.306,272,496,.548,.537,270,322,.839,87,152,239,198,83,13,68,54,880,butleji01
54,Tyler Herro,SG,23,MIA,43,43,1511,316,728,.434,128,346,.370,188,382,.492,.522,113,123,.919,19,228,247,190,38,13,104,70,873,herroty01
55,Tyrese Haliburton,PG,22,IND,44,44,1474,313,658,.476,127,324,.392,186,334,.557,.572,117,137,.854,29,142,171,451,76,17,117,50,870,halibty01
56,Deandre Ayton,C,24,PHO,47,47,1412,376,642,.586,7,23,.304,369,619,.596,.591,105,145,.724,136,349,485,98,22,31,94,130,864,aytonde01
57,Evan Mobley,PF,21,CLE,55,55,1870,348,631,.552,12,63,.190,336,568,.592,.561,140,201,.697,133,356,489,151,40,76,113,155,848,mobleev01
58,Myles Turner,C,26,IND,47,47,1406,297,549,.541,76,192,.396,221,357,.619,.610,163,209,.780,74,307,381,62,29,113,76,157,833,turnemy01
59,Anthony Davis,C,29,LAL,31,29,1036,309,536,.576,13,46,.283,296,490,.604,.589,196,237,.827,102,267,369,79,40,62,63,84,827,davisan02
60,Russell Westbrook,PG,34,LAL,52,3,1491,304,729,.417,63,213,.296,241,516,.467,.460,156,238,.655,59,262,321,391,53,23,184,121,827,westbru01
61,Scottie Barnes,PF,21,TOR,53,52,1858,322,704,.457,49,164,.299,273,540,.506,.492,132,171,.772,128,255,383,255,55,46,108,113,825,barnesc01
62,Jrue Holiday,PG,32,MIL,43,41,1412,312,679,.459,97,263,.369,215,416,.517,.531,101,118,.856,56,167,223,307,56,17,134,85,822,holidjr01
63,Harrison Barnes,PF,30,SAC,54,54,1756,248,519,.478,92,240,.383,156,279,.559,.566,228,275,.829,53,200,253,89,42,7,65,70,816,barneha02
64,P.J. Washington,PF,24,CHO,55,55,1804,306,709,.432,108,319,.339,198,390,.508,.508,94,122,.770,56,193,249,135,51,58,76,150,814,washipj01
65,Aaron Gordon,PF,27,DEN,48,48,1445,308,529,.582,47,120,.392,261,409,.638,.627,148,237,.624,115,208,323,137,39,38,77,90,811,gordoaa01
66,Norman Powell,SG,29,LAC,48,7,1242,271,558,.486,97,231,.420,174,327,.532,.573,172,215,.800,19,131,150,83,38,16,81,97,811,powelno01
67,Devin Booker,SG,26,PHO,30,30,1027,289,608,.475,69,189,.365,220,419,.525,.532,158,187,.845,23,115,138,167,26,11,72,82,805,bookede01
68,Jonas Valančiūnas,C,30,NOP,55,55,1353,319,587,.543,31,90,.344,288,497,.579,.570,134,162,.827,158,381,539,91,15,28,107,169,803,valanjo01
69,Josh Giddey,SG,20,OKC,49,49,1517,346,708,.489,47,149,.315,299,559,.535,.522,59,76,.776,96,291,387,289,37,24,152,103,798,giddejo01
70,Jaden Ivey,SG,20,DET,52,51,1556,269,639,.421,72,213,.338,197,426,.462,.477,176,245,.718,50,152,202,234,49,13,148,159,786,iveyja01
71,Christian Wood,C,27,DAL,44,17,1254,285,538,.530,75,200,.375,210,338,.621,.599,138,185,.746,62,306,368,76,20,54,92,125,783,woodch01
72,James Harden,PG,33,PHI,37,37,1350,238,529,.450,104,267,.390,134,262,.511,.548,202,236,.856,20,213,233,404,44,20,127,79,782,hardeja01
73,Tobias Harris,PF,30,PHI,49,49,1653,309,617,.501,86,230,.374,223,387,.576,.571,71,82,.866,50,249,299,131,48,27,65,101,775,harrito02
74,Saddiq Bey,SF,23,DET,52,30,1500,245,606,.404,101,293,.345,144,313,.460,.488,180,209,.861,59,183,242,84,50,12,54,86,771,beysa01
75,Alperen Şengün,C,20,HOU,50,47,1413,302,529,.571,12,36,.333,290,493,.588,.582,154,207,.744,158,280,438,188,42,51,124,171,770,sengual01
76,Kevin Porter Jr.,PG,22,HOU,40,40,1359,269,615,.437,88,254,.346,181,361,.501,.509,141,184,.766,55,163,218,225,53,16,143,109,767,porteke02
77,OG Anunoby,SF,25,TOR,45,45,1611,282,617,.457,86,235,.366,196,382,.513,.527,110,134,.821,68,180,248,91,93,35,98,133,760,anunoog01
78,Brook Lopez,C,34,MIL,53,53,1606,290,579,.501,96,260,.369,194,319,.608,.584,84,109,.771,100,237,337,63,26,129,72,135,760,lopezbr01
79,Kevin Huerter,SG,24,SAC,51,51,1546,276,579,.477,136,346,.393,140,233,.601,.594,69,97,.711,29,137,166,150,57,15,71,126,757,huertke01
80,Zion Williamson,PF,22,NOP,29,29,956,285,469,.608,7,19,.368,278,450,.618,.615,177,248,.714,58,144,202,133,32,16,99,65,754,willizi01
81,Dillon Brooks,SF,27,MEM,49,49,1503,279,714,.391,90,290,.310,189,424,.446,.454,91,116,.784,29,134,163,130,42,8,76,163,739,brookdi01
82,Malik Beasley,SG,26,UTA,55,13,1472,265,669,.396,169,471,.359,96,198,.485,.522,37,44,.841,27,170,197,93,44,8,60,75,736,beaslma01
83,Jarrett Allen,C,24,CLE,50,50,1657,302,466,.648,1,8,.125,301,458,.657,.649,117,166,.705,152,341,493,83,41,60,77,108,722,allenja01
84,Tim Hardaway Jr.,SG,30,DAL,52,35,1581,241,640,.377,145,411,.353,96,229,.419,.490,94,125,.752,19,165,184,87,40,7,47,86,721,hardati02
85,Malik Monk,SG,24,SAC,53,0,1204,252,568,.444,90,272,.331,162,296,.547,.523,124,136,.912,27,111,138,205,36,12,105,84,718,monkma01
86,Bradley Beal,SG,29,WAS,32,32,1050,269,524,.513,51,142,.359,218,382,.571,.562,122,143,.853,27,85,112,167,26,22,84,58,711,bealbr01
87,Kelly Oubre Jr.,SF,27,CHO,35,30,1141,263,624,.421,80,260,.308,183,364,.503,.486,100,140,.714,52,127,179,42,55,13,44,104,706,oubreke01
88,De'Andre Hunter,SF,25,ATL,45,45,1435,251,552,.455,72,198,.364,179,354,.506,.520,131,156,.840,29,164,193,63,24,8,56,136,705,huntede01
89,Kawhi Leonard,SF,31,LAC,32,30,1032,257,516,.498,50,136,.368,207,380,.545,.547,139,161,.863,40,155,195,129,45,16,48,47,703,leonaka01
90,Trey Murphy III,SF,22,NOP,53,43,1558,239,488,.490,119,295,.403,120,193,.622,.612,96,104,.923,42,154,196,70,54,26,39,109,693,murphtr02
91,Immanuel Quickley,PG,23,NYK,55,10,1532,242,563,.430,93,268,.347,149,295,.505,.512,114,136,.838,35,188,223,176,47,6,61,113,691,quickim01
92,Desmond Bane,SG,24,MEM,32,32,995,241,519,.464,100,230,.435,141,289,.488,.561,108,120,.900,18,134,152,130,30,11,71,80,690,banede01
93,Mason Plumlee,C,32,CHO,56,56,1597,265,396,.669,0,0,,265,396,.669,.669,155,256,.605,187,354,541,205,35,35,87,161,685,plumlma01
94,Malcolm Brogdon,PG,30,BOS,47,0,1178,236,492,.480,93,204,.456,143,288,.497,.574,116,131,.885,34,164,198,172,28,14,76,71,681,brogdma01
95,Bobby Portis,PF,27,MIL,47,14,1258,281,563,.499,58,170,.341,223,393,.567,.551,58,70,.829,120,353,473,85,22,11,59,81,678,portibo01
96,Nic Claxton,C,23,BRK,51,51,1515,292,399,.732,0,2,.000,292,397,.736,.732,87,173,.503,132,336,468,86,40,132,67,142,671,claxtni01
97,Tyrese Maxey,SG,22,PHI,34,22,1116,241,538,.448,78,202,.386,163,336,.485,.520,110,138,.797,15,82,97,124,27,5,50,71,670,maxeyty01
98,LaMelo Ball,PG,21,CHO,29,29,1014,236,586,.403,112,309,.362,124,277,.448,.498,85,99,.859,33,139,172,231,40,11,97,103,669,ballla01
99,Luguentz Dort,SG,23,OKC,47,47,1426,226,556,.406,90,252,.357,136,304,.447,.487,119,157,.758,66,133,199,107,49,12,67,153,661,dortlu01
100,Tre Jones,PG,23,SAS,51,51,1499,254,581,.437,35,131,.267,219,450,.487,.467,112,126,.889,40,140,180,322,67,8,89,75,655,jonestr01
101,Max Strus,SF,26,MIA,53,25,1568,229,566,.405,135,393,.344,94,173,.543,.524,58,65,.892,36,154,190,111,35,9,51,109,651,strusma01
102,Michael Porter Jr.,SF,24,DEN,38,38,1101,237,485,.489,108,261,.414,129,224,.576,.600,60,76,.789,36,169,205,40,27,18,42,87,642,portemi01
103,Jaylen Nowell,SG,23,MIN,58,2,1148,252,564,.447,62,212,.292,190,352,.540,.502,74,95,.779,32,123,155,123,39,4,57,88,640,nowelja01
104,Kenyon Martin Jr.,SF,22,HOU,55,22,1429,253,447,.566,50,149,.336,203,298,.681,.622,81,128,.633,81,222,303,81,23,20,60,96,637,martike04
105,Caris LeVert,SG,28,CLE,51,26,1568,227,554,.410,83,226,.367,144,328,.439,.485,99,138,.717,36,168,204,195,42,12,85,115,636,leverca01
106,Marcus Morris,PF,33,LAC,50,50,1446,234,540,.433,98,259,.378,136,281,.484,.524,63,80,.788,24,197,221,92,33,20,44,108,629,morrima03
107,Keegan Murray,SF,22,SAC,52,50,1540,224,505,.444,130,314,.414,94,191,.492,.572,48,61,.787,59,180,239,50,39,26,48,103,626,murrake02
108,Jaden McDaniels,PF,22,MIN,55,55,1683,244,473,.516,65,174,.374,179,299,.599,.585,69,91,.758,69,141,210,114,53,56,81,191,622,mcdanja02
109,John Collins,PF,25,ATL,47,47,1471,245,478,.513,39,152,.257,206,326,.632,.553,92,116,.793,56,291,347,60,31,59,59,157,621,collijo01
110,Jaren Jackson Jr.,C,23,MEM,37,37,1009,222,441,.503,55,157,.350,167,284,.588,.566,122,158,.772,66,179,245,31,37,123,57,123,621,jacksja02
111,Rudy Gobert,C,30,MIN,47,47,1429,236,349,.676,0,3,.000,236,346,.682,.676,148,222,.667,146,391,537,41,39,60,82,139,620,goberru01
112,Jusuf Nurkić,C,28,POR,45,45,1227,232,443,.524,39,100,.390,193,343,.563,.568,116,169,.686,103,322,425,130,39,39,110,162,619,nurkiju01
113,Eric Gordon,SG,34,HOU,47,47,1418,210,478,.439,85,245,.347,125,233,.536,.528,110,135,.815,12,85,97,136,30,17,83,45,615,gordoer01
114,Collin Sexton,SG,24,UTA,43,11,1029,209,412,.507,47,108,.435,162,304,.533,.564,150,180,.833,36,60,96,117,23,4,76,98,615,sextoco01
115,Jabari Smith Jr.,PF,19,HOU,52,52,1547,217,558,.389,82,273,.300,135,285,.474,.462,97,124,.782,61,297,358,60,26,50,74,154,613,smithja05
116,Bruce Brown,SG,26,DEN,54,24,1543,236,483,.489,73,184,.397,163,299,.545,.564,61,84,.726,40,174,214,195,58,35,90,130,606,brownbr01
117,Derrick White,SG,28,BOS,55,47,1490,205,454,.452,89,234,.380,116,220,.527,.550,101,117,.863,30,154,184,191,38,50,56,123,600,whitede01
118,Jalen Williams,SG,21,OKC,50,37,1445,241,478,.504,43,136,.316,198,342,.579,.549,73,99,.737,42,162,204,141,60,28,79,127,598,willija06
119,Jalen McDaniels,SF,25,CHO,56,21,1494,221,494,.447,65,202,.322,156,292,.534,.513,88,104,.846,44,226,270,111,66,29,80,158,595,mcdanja01
120,Kentavious Caldwell-Pope,SG,29,DEN,52,52,1619,211,449,.470,104,226,.460,107,223,.480,.586,66,80,.825,25,127,152,113,72,19,57,108,592,caldwke01
121,Andrew Wiggins,SF,27,GSW,35,35,1120,233,494,.472,84,213,.394,149,281,.530,.557,42,70,.600,57,117,174,80,45,28,47,103,592,wiggian01
122,Ivica Zubac,C,25,LAC,56,56,1642,223,362,.616,0,2,.000,223,360,.619,.616,127,181,.702,190,386,576,57,22,73,94,167,573,zubaciv01
123,Reggie Jackson,PG,32,LAC,52,38,1338,214,512,.418,77,220,.350,137,292,.469,.493,61,66,.924,22,94,116,183,38,5,96,92,566,jacksre01
124,Devin Vassell,SG,22,SAS,29,24,907,206,463,.445,82,203,.404,124,260,.477,.533,69,87,.793,6,109,115,104,35,12,45,42,563,vassede01
125,Alec Burks,SG,31,DET,43,6,952,173,394,.439,83,197,.421,90,197,.457,.544,131,161,.814,14,113,127,94,32,5,47,84,560,burksal01
126,Jakob Poeltl,C,27,SAS,46,46,1199,239,388,.616,0,1,.000,239,387,.618,.616,78,129,.605,152,264,416,141,36,52,96,118,556,poeltja01
127,De'Anthony Melton,PG,24,PHI,50,41,1449,200,464,.431,114,281,.406,86,183,.470,.554,38,50,.760,48,170,218,138,91,28,72,123,552,meltode01
128,Patrick Williams,PF,21,CHI,54,53,1579,206,449,.459,77,191,.403,129,258,.500,.545,61,68,.897,52,187,239,72,40,44,72,109,550,willipa01
129,Tyus Jones,PG,26,MEM,54,9,1270,205,475,.432,81,214,.379,124,261,.475,.517,58,72,.806,22,103,125,252,59,3,52,22,549,jonesty01
130,Bol Bol,PF,23,ORL,50,32,1188,219,380,.576,26,79,.329,193,301,.641,.611,67,90,.744,59,260,319,43,23,71,92,67,531,bolbo01
131,Kyle Lowry,PG,36,MIA,44,44,1464,169,427,.396,90,270,.333,79,157,.503,.501,100,117,.855,38,152,190,232,49,17,87,121,528,lowryky01
132,Wendell Carter Jr.,C,23,ORL,35,32,1051,194,373,.520,42,122,.344,152,251,.606,.576,97,126,.770,72,234,306,92,12,21,76,102,527,cartewe01
133,Grayson Allen,SG,27,MIL,50,48,1371,170,380,.447,96,237,.405,74,143,.517,.574,88,98,.898,44,129,173,126,43,10,54,81,524,allengr01
134,Lonnie Walker IV,SG,24,LAL,38,32,1059,189,414,.457,72,193,.373,117,221,.529,.543,72,82,.878,12,71,83,51,26,12,35,62,522,walkelo01
135,Naz Reid,C,23,MIN,50,10,897,206,385,.535,48,145,.331,158,240,.658,.597,53,80,.663,59,181,240,48,29,45,64,123,513,reidna01
136,Naji Marshall,SF,25,NOP,51,19,1279,179,418,.428,52,164,.317,127,254,.500,.490,101,131,.771,36,152,188,131,42,11,66,78,511,marshna01
137,Kelly Olynyk,C,31,UTA,44,44,1226,171,352,.486,61,154,.396,110,198,.556,.572,107,128,.836,54,167,221,141,43,26,96,170,510,olynyke01
138,Jose Alvarado,PG,24,NOP,55,9,1190,183,448,.408,78,229,.341,105,219,.479,.496,65,80,.813,25,109,134,169,61,9,75,111,509,alvarjo01
139,Killian Hayes,PG,21,DET,52,33,1381,204,530,.385,63,197,.320,141,333,.423,.444,38,49,.776,18,122,140,300,69,17,103,154,509,hayeski01
140,Bones Hyland,PG,22,DEN,42,1,820,173,434,.399,91,241,.378,82,193,.425,.503,71,82,.866,10,76,86,125,28,13,67,66,508,hylanbo01
141,Ayo Dosunmu,SG,23,CHI,52,44,1453,206,399,.516,45,136,.331,161,263,.612,.573,50,63,.794,35,125,160,143,36,20,72,131,507,dosunay01
142,Isaiah Stewart,C,21,DET,45,42,1275,177,404,.438,56,182,.308,121,222,.545,.507,97,132,.735,106,260,366,61,20,30,62,121,507,stewais01
143,Damion Lee,SG,30,PHO,56,4,1247,162,362,.448,96,205,.468,66,157,.420,.580,82,90,.911,26,156,182,84,24,5,62,89,502,leeda03
144,Cedi Osman,SF,27,CLE,55,0,1170,185,402,.460,79,224,.353,106,178,.596,.558,53,79,.671,16,107,123,85,30,7,42,87,502,osmande01
145,Terance Mann,SG,26,LAC,57,32,1322,191,376,.508,53,139,.381,138,237,.582,.578,65,84,.774,53,157,210,119,31,19,55,101,500,mannte01
146,Brandon Clarke,PF,26,MEM,48,6,946,202,307,.658,1,6,.167,201,301,.668,.660,94,127,.740,76,193,269,57,29,33,51,116,499,clarkbr01
147,Thomas Bryant,C,25,LAL,41,25,876,197,301,.654,22,50,.440,175,251,.697,.691,80,108,.741,67,212,279,29,14,23,28,77,496,bryanth01
148,Onyeka Okongwu,C,22,ATL,53,17,1286,207,323,.641,1,5,.200,206,318,.648,.642,80,108,.741,142,250,392,54,33,69,54,174,495,okongon01
149,Chris Boucher,PF,30,TOR,50,0,1039,177,363,.488,43,130,.331,134,233,.575,.547,97,132,.735,112,183,295,23,36,40,24,97,494,bouchch01
150,Dennis Schröder,PG,29,LAL,41,38,1265,160,389,.411,49,145,.338,111,244,.455,.474,125,142,.880,13,97,110,166,31,5,68,94,494,schrode01
151,AJ Griffin,SF,19,ATL,51,11,1057,191,393,.486,82,201,.408,109,192,.568,.590,24,26,.923,23,82,105,54,38,7,32,62,488,griffaj01
152,Josh Hart,SF,27,POR,51,51,1704,183,363,.504,34,112,.304,149,251,.594,.551,87,119,.731,95,322,417,200,54,9,79,133,487,hartjo01
153,Doug McDermott,SF,31,SAS,49,0,1002,179,388,.461,89,216,.412,90,172,.523,.576,38,51,.745,14,94,108,72,9,6,45,84,485,mcderdo01
154,Monte Morris,PG,27,WAS,46,46,1301,184,386,.477,63,158,.399,121,228,.531,.558,50,63,.794,18,134,152,248,34,8,45,65,481,morrimo01
155,Josh Richardson,SG,29,SAS,42,6,997,177,406,.436,74,207,.357,103,199,.518,.527,53,60,.883,30,89,119,137,40,11,63,70,481,richajo01
156,Royce O'Neale,SF,29,BRK,51,51,1745,167,419,.399,116,288,.403,51,131,.389,.537,30,42,.714,35,213,248,204,44,38,87,161,480,onealro01
157,Santi Aldama,PF,22,MEM,51,18,1125,170,354,.480,68,185,.368,102,169,.604,.576,70,96,.729,53,187,240,63,34,36,38,99,478,aldamsa01
158,Chris Paul,PG,37,PHO,35,35,1113,164,380,.432,59,152,.388,105,228,.461,.509,90,109,.826,13,137,150,306,51,16,71,84,477,paulch01
159,Tari Eason,PF,21,HOU,55,3,1065,185,419,.442,38,108,.352,147,311,.473,.487,68,86,.791,126,186,312,50,58,32,59,118,476,easonta01
160,Quentin Grimes,SG,22,NYK,45,40,1373,168,371,.453,85,240,.354,83,131,.634,.567,53,65,.815,39,119,158,91,31,18,49,119,474,grimequ01
161,Deni Avdija,SF,22,WAS,52,32,1372,168,389,.432,48,160,.300,120,229,.524,.494,89,118,.754,55,272,327,128,46,26,76,153,473,avdijde01
162,Aaron Nesmith,SF,23,IND,49,37,1187,163,394,.414,72,207,.348,91,187,.487,.505,75,86,.872,39,141,180,58,39,21,46,167,473,nesmiaa01
163,Rui Hachimura,PF,24,TOT,37,5,915,189,387,.488,36,106,.340,153,281,.544,.535,58,83,.699,31,140,171,38,14,13,38,45,472,hachiru01
164,Grant Williams,PF,24,BOS,54,19,1490,160,337,.475,83,197,.421,77,140,.550,.598,68,81,.840,58,194,252,90,34,21,57,140,471,willigr01
165,Clint Capela,C,28,ATL,39,37,1047,211,333,.634,0,1,.000,211,332,.636,.634,48,78,.615,162,282,444,29,26,46,32,85,470,capelca01
166,Shake Milton,SG,26,PHI,49,9,1085,181,364,.497,39,102,.382,142,262,.542,.551,69,82,.841,27,113,140,155,18,8,68,83,470,miltosh01
167,Mike Conley,PG,35,UTA,43,42,1276,153,375,.408,77,213,.362,76,162,.469,.511,78,96,.813,17,90,107,330,44,10,74,94,461,conlemi01
168,Caleb Martin,PF,27,MIA,45,45,1379,173,378,.458,62,166,.373,111,212,.524,.540,51,66,.773,63,166,229,76,47,17,51,99,459,martica02
169,Georges Niang,PF,29,PHI,51,0,1012,159,356,.447,113,275,.411,46,81,.568,.605,28,32,.875,14,111,125,61,22,11,38,96,459,niangge01
170,Bogdan Bogdanović,SG,30,ATL,30,5,911,169,391,.432,84,223,.377,85,168,.506,.540,35,46,.761,12,92,104,94,26,9,39,51,457,bogdabo01
171,Marcus Smart,PG,28,BOS,41,41,1330,164,389,.422,73,219,.333,91,170,.535,.515,56,73,.767,30,110,140,294,53,17,97,109,457,smartma01
172,Jalen Smith,PF,22,IND,48,28,905,170,367,.463,41,147,.279,129,220,.586,.519,75,98,.765,85,190,275,48,17,38,56,107,456,smithja04
173,Brandon Ingram,SF,25,NOP,21,21,672,162,354,.458,31,81,.383,131,273,.480,.501,99,113,.876,10,98,108,107,17,12,67,50,454,ingrabr01
174,Cole Anthony,PG,22,ORL,37,3,933,153,347,.441,41,121,.339,112,226,.496,.500,98,110,.891,22,146,168,147,23,20,56,94,445,anthoco01
175,Jeremy Sochan,PF,19,SAS,45,42,1161,181,396,.457,26,97,.268,155,299,.518,.490,57,84,.679,75,143,218,112,34,19,77,117,445,sochaje01
176,Daniel Gafford,C,24,WAS,52,21,959,177,240,.738,0,0,,177,240,.738,.738,85,132,.644,104,171,275,42,19,68,48,114,439,gaffoda01
177,Corey Kispert,SF,23,WAS,46,30,1258,151,320,.472,85,206,.413,66,114,.579,.605,50,58,.862,20,105,125,61,27,5,36,63,437,kispeco01
178,Karl-Anthony Towns,PF,27,MIN,21,21,709,153,303,.505,38,117,.325,115,186,.618,.568,92,104,.885,35,137,172,111,16,14,65,82,436,townska01
179,Markelle Fultz,PG,24,ORL,34,34,972,180,352,.511,13,43,.302,167,309,.540,.530,59,80,.738,38,87,125,188,51,12,80,69,432,fultzma01
180,Jarred Vanderbilt,PF,23,UTA,52,41,1254,173,311,.556,19,57,.333,154,254,.606,.587,67,102,.657,121,288,409,142,53,15,68,133,432,vandeja01
181,Walker Kessler,C,21,UTA,53,19,1092,184,259,.710,0,0,,184,259,.710,.710,57,104,.548,152,242,394,41,21,110,40,119,425,kesslwa01
182,Torrey Craig,SF,32,PHO,53,43,1347,162,352,.460,70,174,.402,92,178,.517,.560,27,37,.730,108,192,300,79,38,34,52,125,421,craigto01
183,Zach Collins,C,25,SAS,44,7,894,163,303,.538,24,68,.353,139,235,.591,.578,68,92,.739,81,169,250,108,16,29,83,137,418,colliza01
184,Andrew Nembhard,SG,23,IND,49,38,1345,164,384,.427,61,177,.345,103,207,.498,.507,26,30,.867,26,114,140,200,50,10,87,130,415,nembhan01
185,Seth Curry,SG,32,BRK,39,6,904,153,330,.464,74,174,.425,79,156,.506,.576,34,35,.971,10,67,77,81,26,7,41,74,414,curryse01
186,T.J. McConnell,PG,30,IND,53,5,1041,179,339,.528,16,36,.444,163,303,.538,.552,37,44,.841,31,122,153,269,55,5,92,68,411,mccontj01
187,Shaedon Sharpe,SG,19,POR,54,5,1074,165,351,.470,49,146,.336,116,205,.566,.540,30,46,.652,42,94,136,29,17,12,37,88,409,sharpsh01
188,Jalen Duren,C,19,DET,48,23,1195,170,257,.661,0,1,.000,170,256,.664,.661,63,100,.630,162,255,417,50,30,42,58,126,403,durenja01
189,Gordon Hayward,SF,32,CHO,30,30,930,148,333,.444,30,102,.294,118,231,.511,.489,76,93,.817,24,105,129,103,23,7,57,37,402,haywago01
190,Donte DiVincenzo,SG,26,GSW,45,12,1129,138,322,.429,91,221,.412,47,101,.465,.570,31,38,.816,42,155,197,149,59,4,63,81,398,divindo01
191,Tre Mann,PG,21,OKC,49,4,908,154,390,.395,63,206,.306,91,184,.495,.476,24,35,.686,19,95,114,76,32,9,46,78,395,manntr01
192,Jevon Carter,PG,27,MIL,54,30,1229,145,347,.418,81,200,.405,64,147,.435,.535,22,27,.815,25,115,140,140,55,24,60,108,393,carteje01
193,Draymond Green,PF,32,GSW,49,49,1555,155,304,.510,30,92,.326,125,212,.590,.559,53,77,.688,42,326,368,335,45,40,125,146,393,greendr01
194,Hamidou Diallo,SG,24,DET,47,0,785,159,276,.576,5,18,.278,154,258,.597,.585,69,121,.570,47,111,158,45,43,13,56,102,392,diallha01
195,Moritz Wagner,C,25,ORL,34,14,725,127,256,.496,34,107,.318,93,149,.624,.563,103,118,.873,48,122,170,58,22,7,44,95,391,wagnemo01
196,Al Horford,C,36,BOS,43,43,1324,147,318,.462,86,206,.417,61,112,.545,.597,10,14,.714,50,214,264,114,22,40,26,81,390,horfoal01
197,Joe Harris,SG,31,BRK,47,32,1148,143,318,.450,89,221,.403,54,97,.557,.590,14,21,.667,17,112,129,77,25,13,31,120,389,harrijo01
198,Herbert Jones,SF,24,NOP,40,40,1156,136,312,.436,30,107,.280,106,205,.517,.484,87,117,.744,54,100,154,86,68,27,54,134,389,joneshe01
199,Coby White,SG,22,CHI,46,0,995,138,332,.416,75,208,.361,63,124,.508,.529,38,47,.809,9,110,119,89,35,4,36,78,389,whiteco01
200,Austin Reaves,SG,24,LAL,37,12,1046,124,256,.484,45,126,.357,79,130,.608,.572,95,106,.896,23,89,112,81,20,14,49,62,388,reaveau01
201,Gabe Vincent,PG,26,MIA,41,7,1038,137,344,.398,68,209,.325,69,135,.511,.497,46,53,.868,16,77,93,106,37,3,61,100,388,vincega01
202,John Wall,PG,32,LAC,34,3,755,138,338,.408,33,109,.303,105,229,.459,.457,77,113,.681,14,78,92,178,27,12,80,59,386,walljo01
203,Cam Thomas,SG,21,BRK,37,2,587,129,274,.471,32,75,.427,97,199,.487,.529,94,114,.825,6,53,59,54,14,5,37,36,384,thomaca02
204,Isaiah Joe,SG,23,OKC,46,2,709,121,260,.465,95,212,.448,26,48,.542,.648,37,45,.822,16,84,100,48,29,6,19,64,374,joeis01
205,Kyle Anderson,PF,29,MIN,45,30,1180,136,272,.500,27,62,.435,109,210,.519,.550,71,94,.755,34,177,211,180,52,39,63,101,370,anderky01
206,Kevon Looney,C,26,GSW,55,49,1273,154,238,.647,0,0,,154,238,.647,.647,62,101,.614,162,308,470,141,30,30,28,157,370,looneke01
207,Larry Nance Jr.,PF,30,NOP,46,1,1041,155,252,.615,13,35,.371,142,217,.654,.641,44,65,.677,85,193,278,87,44,32,36,102,367,nancela02
208,Reggie Bullock,SF,31,DAL,54,32,1619,124,313,.396,97,262,.370,27,51,.529,.551,20,31,.645,26,162,188,73,43,12,23,122,365,bullore01
209,Dorian Finney-Smith,PF,29,DAL,40,40,1288,129,310,.416,77,217,.355,52,93,.559,.540,30,40,.750,67,121,188,59,38,20,36,80,365,finnedo01
210,Isaac Okoro,SF,22,CLE,57,27,1184,129,258,.500,43,121,.355,86,137,.628,.583,61,83,.735,39,110,149,66,43,25,36,113,362,okorois01
211,Steven Adams,C,29,MEM,42,42,1133,157,263,.597,0,1,.000,157,262,.599,.597,47,129,.364,214,271,485,97,36,46,79,98,361,adamsst01
212,Jonathan Kuminga,PF,20,GSW,43,8,837,140,282,.496,28,87,.322,112,195,.574,.546,52,81,.642,40,93,133,77,18,20,60,101,360,kuminjo01
213,Kenrich Williams,PF,28,OKC,46,9,1025,150,287,.523,46,117,.393,104,170,.612,.603,14,32,.438,86,141,227,92,34,12,24,90,360,willike04
214,Trey Lyles,PF,27,SAC,48,0,761,118,251,.470,54,147,.367,64,104,.615,.578,60,74,.811,43,128,171,39,17,24,38,58,350,lylestr01
215,Kevin Love,PF,34,CLE,41,3,821,111,285,.389,69,195,.354,42,90,.467,.511,56,63,.889,42,238,280,76,7,7,47,65,347,loveke01
216,Dwight Powell,C,31,DAL,51,39,1008,129,181,.713,0,3,.000,129,178,.725,.713,87,123,.707,107,111,218,40,34,22,46,145,345,poweldw01
217,Edmond Sumner,SG,27,BRK,46,12,669,113,246,.459,28,81,.346,85,165,.515,.516,88,95,.926,11,61,72,66,30,9,44,76,342,sumneed01
218,Troy Brown Jr.,SF,23,LAL,49,28,1181,128,296,.432,60,171,.351,68,125,.544,.534,24,25,.960,44,163,207,49,37,8,33,72,340,browntr01
219,Cameron Payne,PG,28,PHO,28,14,671,127,308,.412,48,127,.378,79,181,.436,.490,38,49,.776,9,55,64,148,25,5,55,57,340,payneca01
220,Nicolas Batum,PF,34,LAC,55,11,1205,112,270,.415,84,218,.385,28,52,.538,.570,27,41,.659,49,187,236,80,33,40,37,116,335,batumni01
221,Terrence Ross,SG,31,ORL,42,9,944,129,299,.431,61,160,.381,68,139,.489,.533,15,20,.750,10,75,85,54,25,8,37,53,334,rosste01
222,Pat Connaughton,SG,30,MIL,38,22,956,117,296,.395,81,227,.357,36,69,.522,.532,17,28,.607,30,157,187,45,27,4,21,43,332,connapa01
223,Nick Richards,C,25,CHO,41,0,696,126,202,.624,0,0,,126,202,.624,.624,80,110,.727,104,125,229,21,9,36,34,93,332,richani01
224,Malaki Branham,SF,19,SAS,41,8,857,131,305,.430,41,140,.293,90,165,.545,.497,28,35,.800,11,67,78,79,19,5,40,63,331,branhma01
225,Precious Achiuwa,C,23,TOR,32,8,729,125,259,.483,16,67,.239,109,192,.568,.514,62,89,.697,67,140,207,31,24,23,37,68,328,achiupr01
226,Jock Landale,C,27,PHO,47,2,673,122,233,.524,17,69,.246,105,164,.640,.560,62,79,.785,79,111,190,43,11,23,45,86,323,landajo01
227,Kendrick Nunn,SG-PG,27,TOT,46,2,652,126,306,.412,48,149,.322,78,157,.497,.490,23,27,.852,11,60,71,49,16,3,42,45,323,nunnke01
228,Goran Dragić,PG,36,CHI,48,0,761,125,293,.427,44,125,.352,81,168,.482,.502,25,39,.641,13,55,68,137,11,4,52,60,319,dragigo01
229,Keita Bates-Diop,SF,27,SAS,41,20,781,122,243,.502,23,65,.354,99,178,.556,.549,51,67,.761,44,87,131,39,29,9,29,38,318,bateske01
230,Josh Green,SG,22,DAL,36,5,850,112,199,.563,37,88,.420,75,111,.676,.656,56,76,.737,33,60,93,52,33,3,32,95,317,greenjo02
231,Drew Eubanks,C,25,POR,53,10,1013,133,192,.693,3,7,.429,130,185,.703,.701,45,67,.672,81,167,248,59,27,61,41,115,314,eubandr01
232,Sam Hauser,PF,25,BOS,53,1,779,108,242,.446,83,203,.409,25,39,.641,.618,10,15,.667,21,114,135,36,14,12,18,63,309,hausesa01
233,Davion Mitchell,PG,24,SAC,53,5,965,124,271,.458,42,126,.333,82,145,.566,.535,18,23,.783,12,62,74,116,27,11,45,76,308,mitchda01
234,Will Barton,SG,32,WAS,40,0,782,110,284,.387,52,137,.380,58,147,.395,.479,35,45,.778,10,101,111,95,17,10,45,39,307,bartowi01
235,Anthony Lamb,SF,25,GSW,42,3,811,109,216,.505,57,142,.401,52,74,.703,.637,27,36,.750,33,104,137,70,22,11,42,97,302,lamban01
236,Talen Horton-Tucker,SG,22,UTA,42,1,655,112,275,.407,27,106,.255,85,169,.503,.456,47,63,.746,17,79,96,103,27,14,49,60,298,hortota01
237,Mo Bamba,C,24,ORL,40,6,681,106,214,.495,43,108,.398,63,106,.594,.596,35,51,.686,47,137,184,42,12,38,22,86,290,bambamo01
238,Victor Oladipo,SG,30,MIA,26,1,739,105,260,.404,37,125,.296,68,135,.504,.475,43,57,.754,13,77,90,101,43,6,48,63,290,oladivi01
239,Taurean Prince,SF,28,MIN,34,1,724,107,219,.489,46,116,.397,61,103,.592,.594,30,36,.833,11,71,82,52,17,13,40,80,290,princta02
240,Patrick Beverley,PG,34,LAL,45,45,1211,97,241,.402,55,158,.348,42,83,.506,.517,39,50,.780,24,116,140,118,40,25,42,124,288,beverpa01
241,Isaiah Hartenstein,C,24,NYK,56,7,1082,120,238,.504,8,34,.235,112,204,.549,.521,38,50,.760,155,205,360,49,33,43,46,140,286,harteis01
242,David Roddy,PF,21,MEM,45,1,802,109,263,.414,38,132,.288,71,131,.542,.487,30,48,.625,30,91,121,30,23,12,42,68,286,roddyda01
243,Landry Shamet,SG,25,PHO,30,7,642,92,242,.380,61,162,.377,31,80,.388,.506,41,45,.911,8,43,51,67,18,5,29,46,286,shamela01
244,Aaron Wiggins,SG,24,OKC,43,11,803,109,215,.507,31,77,.403,78,138,.565,.579,35,43,.814,44,95,139,60,21,8,35,68,284,wiggiaa01
245,Devonte' Graham,PG,27,NOP,53,0,811,85,231,.368,66,190,.347,19,41,.463,.511,44,59,.746,12,60,72,116,30,10,27,48,280,grahade01
246,Montrezl Harrell,C,29,PHI,49,7,621,110,183,.601,0,2,.000,110,181,.608,.601,59,85,.694,60,78,138,31,16,25,31,74,279,harremo01
247,John Konchar,SG,26,MEM,46,22,1054,104,241,.432,48,133,.361,56,108,.519,.531,20,23,.870,42,183,225,68,49,13,29,71,276,konchjo01
248,Isaiah Jackson,C,21,IND,41,5,627,107,192,.557,1,10,.100,106,182,.582,.560,60,89,.674,58,102,160,36,17,60,38,90,275,jacksis01
249,Mitchell Robinson,C,24,NYK,38,37,1022,118,175,.674,0,0,,118,175,.674,.674,39,77,.506,165,173,338,37,34,68,18,111,275,robinmi01
250,Ben Simmons,PG,26,BRK,38,33,1036,125,221,.566,0,1,.000,125,220,.568,.566,25,57,.439,36,209,245,243,54,22,92,129,275,simmobe01
251,Luke Kennard,SG,26,LAC,35,11,725,98,211,.464,59,132,.447,39,79,.494,.604,19,20,.950,6,77,83,37,19,4,30,47,274,kennalu01
252,Dennis Smith Jr.,PG,25,CHO,34,11,846,113,269,.420,12,60,.200,101,209,.483,.442,36,49,.735,14,79,93,151,45,13,50,76,274,smithde03
253,Aleksej Pokusevski,PF,21,OKC,31,25,677,107,243,.440,38,101,.376,69,142,.486,.519,21,33,.636,45,112,157,62,20,41,41,57,273,pokusal01
254,Terence Davis,SG,25,SAC,41,4,532,96,228,.421,52,150,.347,44,78,.564,.535,27,30,.900,15,80,95,51,31,11,33,68,271,daviste02
255,Obi Toppin,PF,24,NYK,41,0,619,99,236,.419,50,137,.365,49,99,.495,.525,23,29,.793,21,115,136,35,14,6,21,41,271,toppiob01
256,Wenyen Gabriel,PF,25,LAL,42,2,649,113,182,.621,9,27,.333,104,155,.671,.646,35,55,.636,67,98,165,19,15,25,30,92,270,gabriwe01
257,Andre Drummond,C,29,CHI,41,0,534,113,179,.631,0,2,.000,113,177,.638,.631,43,81,.531,90,189,279,26,27,13,46,78,269,drumman01
258,Jalen Suggs,PG,21,ORL,30,13,675,95,231,.411,32,109,.294,63,122,.516,.481,47,69,.681,26,57,83,109,38,12,59,72,269,suggsja01
259,Oshae Brissett,SF,24,IND,48,1,779,84,218,.385,38,116,.328,46,102,.451,.472,61,88,.693,44,119,163,26,28,8,21,64,267,brissos01
260,Jalen Johnson,SF,21,ATL,51,6,746,103,217,.475,22,77,.286,81,140,.579,.525,39,58,.672,34,163,197,47,24,22,24,76,267,johnsja05
261,Marvin Bagley III,C,23,DET,25,13,532,108,201,.537,9,33,.273,99,168,.589,.560,40,52,.769,52,96,148,14,13,18,22,51,265,baglema01
262,Mike Muscala,C,31,OKC,43,5,622,89,203,.438,56,142,.394,33,61,.541,.576,31,39,.795,23,112,135,38,11,19,14,70,265,muscami01
263,Yuta Watanabe,SF,28,BRK,40,0,740,94,182,.516,48,101,.475,46,81,.568,.648,27,37,.730,26,83,109,36,18,15,16,61,263,watanyu01
264,Alex Caruso,PG,28,CHI,46,18,1110,89,200,.445,39,100,.390,50,100,.500,.543,42,54,.778,29,112,141,152,78,31,61,113,259,carusal01
265,Chris Duarte,SF,25,IND,33,10,626,84,235,.357,36,122,.295,48,113,.425,.434,50,60,.833,10,68,78,51,14,8,28,49,254,duartch01
266,Jordan Goodwin,PG,24,WAS,39,4,719,97,213,.455,26,66,.394,71,147,.483,.516,33,44,.750,35,94,129,98,41,21,35,66,253,goodwjo01
267,T.J. Warren,PF,29,BRK,26,0,490,102,200,.510,16,48,.333,86,152,.566,.550,27,33,.818,13,59,72,29,15,7,17,45,247,warretj01
268,Duane Washington Jr.,SG,22,PHO,31,3,394,94,256,.367,40,111,.360,54,145,.372,.445,16,24,.667,2,34,36,63,6,4,34,23,244,washidu02
269,Gary Harris,SG,28,ORL,27,21,657,84,170,.494,50,107,.467,34,63,.540,.641,22,25,.880,13,44,57,31,22,5,19,58,240,harriga01
270,Cade Cunningham,PG,21,DET,12,12,400,93,224,.415,17,61,.279,76,163,.466,.453,36,43,.837,12,62,74,72,10,7,39,34,239,cunnica01
271,Jeff Green,PF,36,DEN,33,3,630,89,184,.484,13,51,.255,76,133,.571,.519,48,70,.686,24,59,83,39,14,8,32,63,239,greenje02
272,Derrick Jones Jr.,SF,25,CHI,43,0,670,85,163,.521,18,52,.346,67,111,.604,.577,50,62,.806,40,72,112,28,19,30,20,69,238,jonesde02
273,Kevin Knox,PF,23,DET,42,1,593,84,179,.469,43,116,.371,41,63,.651,.589,26,33,.788,20,88,108,15,14,12,32,74,237,knoxke01
274,Romeo Langford,SG,23,SAS,32,19,646,100,204,.490,13,46,.283,87,158,.551,.522,24,37,.649,46,46,92,43,16,11,22,55,237,langfro01
275,Cameron Johnson,PF,26,PHO,17,16,429,82,173,.474,45,99,.455,37,74,.500,.604,27,33,.818,14,51,65,26,15,6,10,29,236,johnsca02
276,Austin Rivers,SG,30,MIN,43,10,908,84,183,.459,39,106,.368,45,77,.584,.566,28,33,.848,4,73,77,68,26,3,22,72,235,riverau01
277,Josh Okogie,SG,24,PHO,46,1,600,72,189,.381,22,79,.278,50,110,.455,.439,64,92,.696,66,73,139,55,26,21,39,64,230,okogijo01
278,Ty Jerome,SG,25,GSW,33,2,589,87,176,.494,28,70,.400,59,106,.557,.574,27,29,.931,4,50,54,91,15,5,20,50,229,jeromty01
279,Jordan Nwora,SF,24,MIL,38,3,597,76,197,.386,40,102,.392,36,95,.379,.487,37,43,.860,29,88,117,38,12,7,34,34,229,nworajo01
280,Nickeil Alexander-Walker,SG,24,UTA,36,3,528,83,170,.488,35,87,.402,48,83,.578,.591,27,39,.692,8,51,59,76,24,14,45,58,228,alexani01
281,JaMychal Green,PF,32,GSW,35,1,513,87,163,.534,21,65,.323,66,98,.673,.598,30,41,.732,51,90,141,30,16,13,38,67,225,greenja01
282,Zeke Nnaji,PF,22,DEN,44,5,584,87,152,.572,13,45,.289,74,107,.692,.615,36,54,.667,56,46,102,11,15,19,20,81,223,nnajize01
283,Jeremiah Robinson-Earl,PF,22,OKC,26,18,548,85,174,.489,29,76,.382,56,98,.571,.572,22,28,.786,51,78,129,25,19,11,16,49,221,robinje02
284,Thaddeus Young,PF,34,TOR,44,9,712,98,175,.560,5,29,.172,93,146,.637,.574,18,26,.692,64,84,148,68,49,5,36,79,219,youngth01
285,Lamar Stevens,PF,25,CLE,40,18,732,86,185,.465,19,60,.317,67,125,.536,.516,25,36,.694,23,100,123,21,14,14,20,53,216,stevela01
286,Dario Šarić,PF,28,PHO,37,12,533,76,178,.427,27,69,.391,49,109,.450,.503,36,44,.818,39,103,142,57,13,5,36,69,215,saricda01
287,Trendon Watford,PF,22,POR,39,2,633,80,141,.567,14,31,.452,66,110,.600,.617,41,54,.759,24,107,131,63,14,6,38,68,215,watfotr01
288,Garrison Mathews,SG,26,HOU,45,0,602,60,170,.353,53,155,.342,7,15,.467,.509,41,45,.911,10,52,62,23,23,4,18,56,214,mathega01
289,Vlatko Čančar,PF,25,DEN,40,3,616,78,156,.500,36,79,.456,42,77,.545,.615,20,21,.952,17,74,91,56,16,9,26,68,212,cancavl01
290,Chimezie Metu,C,25,SAC,41,0,446,88,147,.599,8,31,.258,80,116,.690,.626,27,33,.818,31,95,126,29,11,14,24,56,211,metuch01
291,Christian Braun,SG,21,DEN,50,3,735,85,175,.486,21,57,.368,64,118,.542,.546,19,31,.613,32,82,114,34,20,11,22,58,210,braunch01
292,Aaron Holiday,PG,26,ATL,48,5,716,77,183,.421,31,74,.419,46,109,.422,.505,24,28,.857,19,43,62,65,27,10,29,67,209,holidaa01
293,Moses Moody,SG,20,GSW,41,3,603,72,162,.444,36,102,.353,36,60,.600,.556,26,37,.703,19,50,69,38,14,5,27,37,206,moodymo01
294,MarJon Beauchamp,SF,22,MIL,35,9,520,75,187,.401,36,110,.327,39,77,.506,.497,18,25,.720,32,53,85,23,15,2,34,55,204,beaucma01
295,Willy Hernangómez,C,28,NOP,28,0,355,70,133,.526,1,9,.111,69,124,.556,.530,63,80,.788,47,88,135,27,9,12,30,49,204,hernawi01
296,Nassir Little,SF,22,POR,34,1,550,75,158,.475,33,82,.402,42,76,.553,.579,17,28,.607,14,65,79,28,11,9,18,33,200,littlna01
297,Théo Maledon,PG,21,CHO,36,1,581,65,157,.414,21,63,.333,44,94,.468,.481,49,56,.875,9,77,86,86,27,6,35,37,200,maledth01
298,Patty Mills,PG,34,BRK,34,1,458,70,167,.419,40,108,.370,30,59,.508,.539,19,21,.905,6,26,32,46,12,2,19,22,199,millspa02
299,Darius Bazley,PF,22,OKC,36,1,555,71,158,.449,18,45,.400,53,113,.469,.506,36,65,.554,29,93,122,32,19,29,22,35,196,bazleda01
300,Justise Winslow,SF,26,POR,29,11,776,81,198,.409,14,45,.311,67,153,.438,.444,20,28,.714,49,96,145,98,30,11,43,89,196,winslju01
301,Duncan Robinson,SF,28,MIA,28,0,501,64,174,.368,46,139,.331,18,35,.514,.500,20,22,.909,7,47,54,33,8,0,19,56,194,robindu01
302,Khris Middleton,SF,31,MIL,15,7,315,66,163,.405,22,73,.301,44,90,.489,.472,39,42,.929,6,43,49,60,11,2,32,31,193,middlkh01
303,Robert Covington,PF,32,LAC,35,0,557,67,165,.406,33,100,.330,34,65,.523,.506,25,34,.735,25,106,131,44,24,26,23,65,192,covinro01
304,Isaiah Livers,PF,24,DET,34,9,693,62,154,.403,43,119,.361,19,35,.543,.542,22,28,.786,17,57,74,20,15,19,21,65,189,liveris01
305,Rudy Gay,PF,36,UTA,41,0,600,70,193,.363,21,91,.231,49,102,.480,.417,27,32,.844,28,95,123,39,15,13,23,49,188,gayru01
306,Haywood Highsmith,SF,26,MIA,39,9,756,74,173,.428,31,88,.352,43,85,.506,.517,8,20,.400,43,108,151,27,30,12,31,63,187,highsha01
307,Luke Kornet,C,27,BOS,47,0,569,79,113,.699,3,9,.333,76,104,.731,.712,26,31,.839,60,81,141,34,9,37,19,63,187,kornelu01
308,Malachi Flynn,PG,24,TOR,39,1,545,67,187,.358,38,104,.365,29,83,.349,.460,13,17,.765,14,45,59,60,16,3,17,52,185,flynnma01
309,Payton Pritchard,PG,25,BOS,39,2,483,69,172,.401,35,106,.330,34,66,.515,.503,8,12,.667,21,38,59,40,12,1,28,30,181,pritcpa01
310,Jaden Hardy,SG,20,DAL,27,0,290,60,141,.426,17,59,.288,43,82,.524,.486,40,46,.870,2,34,36,18,8,3,22,39,177,hardyja02
311,Dyson Daniels,PG,19,NOP,39,11,778,69,155,.445,20,60,.333,49,95,.516,.510,18,29,.621,28,110,138,96,34,10,43,75,176,daniedy01
312,Xavier Tillman Sr.,PF,24,MEM,35,6,498,74,123,.602,3,10,.300,71,113,.628,.614,25,49,.510,64,72,136,36,27,12,19,38,176,tillmxa01
313,Mark Williams,C,21,CHO,25,0,349,70,108,.648,0,0,,70,108,.648,.648,36,49,.735,40,90,130,6,18,25,20,47,176,willima07
314,George Hill,PG,36,MIL,35,0,668,59,132,.447,23,74,.311,36,58,.621,.534,34,46,.739,13,54,67,89,19,3,27,41,175,hillge01
315,P.J. Tucker,PF,37,PHI,51,51,1330,61,148,.412,34,87,.391,27,61,.443,.527,16,18,.889,64,137,201,43,25,13,34,128,172,tuckepj01
316,Dewayne Dedmon,C,33,MIA,30,0,350,64,129,.496,11,37,.297,53,92,.576,.539,32,44,.727,28,81,109,16,7,14,19,61,171,dedmode01
317,Robert Williams,C,25,BOS,20,11,471,78,101,.772,0,0,,78,101,.772,.772,15,22,.682,64,104,168,34,11,26,19,34,171,williro04
318,Cory Joseph,PG,31,DET,37,2,582,61,158,.386,22,70,.314,39,88,.443,.456,26,34,.765,10,39,49,120,16,4,25,53,170,josepco01
319,Cam Reddish,SF,23,NYK,20,8,438,61,136,.449,17,56,.304,44,80,.550,.511,29,33,.879,7,24,31,20,15,8,15,32,168,reddica01
320,Ziaire Williams,SF,21,MEM,27,3,484,67,159,.421,20,81,.247,47,78,.603,.484,13,17,.765,11,58,69,24,12,5,29,51,167,willizi02
321,Bismack Biyombo,C,30,PHO,43,9,610,75,134,.560,0,0,,75,134,.560,.560,16,49,.327,49,127,176,41,13,57,40,82,166,biyombi01
322,Josh Christopher,SG,21,HOU,37,1,357,66,142,.465,8,38,.211,58,104,.558,.493,26,35,.743,10,30,40,31,13,8,31,25,166,chrisjo01
323,Isaiah Roby,PF,24,SAS,39,1,423,64,141,.454,18,56,.321,46,85,.541,.518,19,40,.475,18,78,96,36,16,6,26,45,165,robyis01
324,Javonte Green,SG,29,CHI,28,1,449,61,104,.587,13,34,.382,48,70,.686,.649,29,43,.674,25,57,82,23,22,20,20,47,164,greenja02
325,Jericho Sims,C,24,NYK,43,12,675,76,94,.809,0,1,.000,76,93,.817,.809,12,16,.750,85,119,204,22,15,26,22,78,164,simsje01
326,Danuel House Jr.,SF,29,PHI,35,2,539,55,117,.470,24,70,.343,31,47,.660,.573,28,40,.700,8,56,64,25,8,7,16,43,162,houseda01
327,Dean Wade,PF,26,CLE,27,9,620,56,119,.471,35,84,.417,21,35,.600,.618,15,23,.652,14,91,105,27,18,12,12,64,162,wadede01
328,Miles McBride,PG,22,NYK,44,2,578,55,161,.342,30,103,.291,25,58,.431,.435,21,30,.700,10,29,39,53,26,2,20,43,161,mcbrimi01
329,Stanley Johnson,SF,26,SAS,28,0,422,58,107,.542,17,37,.459,41,70,.586,.621,26,39,.667,18,63,81,66,13,6,30,45,159,johnsst04
330,DeAndre Jordan,C,34,DEN,33,5,486,70,92,.761,1,1,1.000,69,91,.758,.766,17,39,.436,40,123,163,30,8,21,39,60,158,jordade01
331,Christian Koloko,C,22,TOR,45,19,658,61,125,.488,1,9,.111,60,116,.517,.492,35,53,.660,70,76,146,22,13,48,18,110,158,kolokch01
332,Evan Fournier,SG,30,NYK,22,7,412,53,150,.353,33,101,.327,20,49,.408,.463,18,21,.857,4,41,45,35,14,3,19,43,157,fournev01
333,Jaxson Hayes,C,22,NOP,30,2,430,56,106,.528,3,23,.130,53,83,.639,.542,41,61,.672,29,62,91,24,12,11,18,44,156,hayesja02
334,Moses Brown,C,23,LAC,34,1,288,61,96,.635,0,0,,61,96,.635,.635,33,72,.458,57,82,139,4,3,14,14,38,155,brownmo01
335,Usman Garuba,PF,20,HOU,48,1,655,61,116,.526,14,30,.467,47,86,.547,.586,19,36,.528,82,138,220,47,31,23,33,80,155,garubus01
336,Luka Garza,C,24,MIN,21,0,203,53,100,.530,13,35,.371,40,65,.615,.595,33,41,.805,26,26,52,14,2,1,9,33,152,garzalu01
337,Derrick Rose,PG,34,NYK,26,0,336,61,155,.394,19,60,.317,42,95,.442,.455,11,12,.917,8,32,40,46,7,5,22,18,152,rosede01
338,Amir Coffey,SG,25,LAC,38,9,538,47,126,.373,10,35,.286,37,91,.407,.413,45,55,.818,16,32,48,48,7,3,15,48,149,coffeam01
339,R.J. Hampton,PG,21,ORL,26,0,361,50,114,.439,18,53,.340,32,61,.525,.518,31,37,.838,9,30,39,34,16,4,21,22,149,hamptrj01
340,Ish Wainright,SF,28,PHO,38,1,568,53,140,.379,35,102,.343,18,38,.474,.504,8,11,.727,33,49,82,38,31,10,19,74,149,wainris01
341,Daishen Nix,PG,20,HOU,40,5,622,48,142,.338,28,92,.304,20,50,.400,.437,22,31,.710,12,57,69,103,25,6,57,38,146,nixda01
342,Delon Wright,PG,30,WAS,25,2,550,53,128,.414,16,58,.276,37,70,.529,.477,24,27,.889,23,57,80,92,48,7,20,36,146,wrighde01
343,James Wiseman,C,21,GSW,21,0,262,59,94,.628,1,2,.500,58,92,.630,.633,26,38,.684,18,55,73,14,3,7,14,39,145,wisemja01
344,Dāvis Bertāns,PF,30,DAL,34,0,360,47,111,.423,37,97,.381,10,14,.714,.590,10,12,.833,6,26,32,12,7,3,9,39,141,bertada01
345,Joe Ingles,SF,35,MIL,22,0,485,47,119,.395,34,94,.362,13,25,.520,.538,11,13,.846,7,46,53,71,12,3,28,32,139,inglejo01
346,Maxi Kleber,C,31,DAL,22,0,564,51,104,.490,24,65,.369,27,39,.692,.606,11,14,.786,19,59,78,21,7,22,13,48,137,klebima01
347,Ochai Agbaji,SG,22,UTA,33,0,451,50,106,.472,24,63,.381,26,43,.605,.585,10,16,.625,21,34,55,15,4,4,9,43,134,agbajoc01
348,Jae'Sean Tate,SF,27,HOU,17,2,352,53,118,.449,7,23,.304,46,95,.484,.479,19,27,.704,29,40,69,48,10,3,28,56,132,tateja01
349,Matisse Thybulle,SG,25,PHI,49,6,591,50,116,.431,21,63,.333,29,53,.547,.522,9,12,.750,20,43,63,23,45,14,8,65,130,thybuma01
350,Caleb Houstan,SF,20,ORL,31,2,508,43,109,.394,30,79,.380,13,30,.433,.532,11,13,.846,22,49,71,18,5,3,12,45,127,houstca01
351,Nathan Knight,PF,25,MIN,32,0,266,42,74,.568,8,21,.381,34,53,.642,.622,35,51,.686,20,30,50,13,9,5,18,35,127,knighna01
352,Bruno Fernando,C,24,HOU,31,4,364,48,93,.516,0,1,.000,48,92,.522,.516,30,44,.682,48,74,122,30,6,31,20,68,126,fernabr01
353,Justin Holiday,SG,33,ATL,28,0,411,48,125,.384,30,87,.345,18,38,.474,.504,0,0,,2,21,23,25,5,10,12,37,126,holidju01
354,Max Christie,SG,19,LAL,33,2,479,43,100,.430,26,61,.426,17,39,.436,.560,12,14,.857,7,65,72,17,7,6,11,31,124,chrisma02
355,Taj Gibson,C,37,WAS,35,2,342,50,92,.543,3,15,.200,47,77,.610,.560,21,30,.700,26,43,69,27,13,10,19,67,124,gibsota01
356,JaVale McGee,C,35,DAL,32,7,252,54,88,.614,1,4,.250,53,84,.631,.619,14,26,.538,21,56,77,8,4,20,28,37,123,mcgeeja01
357,Paul Reed,C,23,PHI,40,0,375,54,95,.568,0,4,.000,54,91,.593,.568,15,20,.750,52,75,127,14,25,23,23,74,123,reedpa01
358,Admiral Schofield,PF,25,ORL,27,0,350,44,92,.478,18,54,.333,26,38,.684,.576,17,19,.895,19,33,52,23,6,3,6,52,123,schofad01
359,Juancho Hernangómez,PF,27,TOR,41,10,609,48,113,.425,17,66,.258,31,47,.660,.500,9,16,.563,27,95,122,24,16,6,15,43,122,hernaju01
360,Matt Ryan,SF,25,TOT,32,0,303,40,107,.374,32,83,.386,8,24,.333,.523,10,12,.833,4,21,25,15,5,1,7,27,122,ryanma01
361,Brandon Boston Jr.,SG,21,LAC,19,0,218,42,108,.389,11,28,.393,31,80,.388,.440,26,34,.765,7,20,27,19,8,0,11,19,121,bostobr01
362,Anthony Gill,PF,30,WAS,38,4,393,48,80,.600,3,19,.158,45,61,.738,.619,22,27,.815,21,35,56,20,5,6,7,48,121,gillan01
363,Wesley Matthews,SG,36,MIL,35,0,537,37,108,.343,30,87,.345,7,21,.333,.481,15,18,.833,27,47,74,19,16,9,14,47,119,matthwe02
364,Raul Neto,PG,30,CLE,37,1,390,43,82,.524,11,35,.314,32,47,.681,.591,21,23,.913,6,29,35,54,16,3,14,33,118,netora01
365,Dalano Banton,PG,23,TOR,24,2,233,44,105,.419,13,44,.295,31,61,.508,.481,14,17,.824,9,24,33,28,12,12,14,27,115,bantoda01
366,JT Thor,PF,20,CHO,43,0,465,41,113,.363,14,58,.241,27,55,.491,.425,18,27,.667,22,52,74,18,10,10,19,35,114,thorjt01
367,Jaylin Williams,PF,20,OKC,22,10,334,43,90,.478,15,30,.500,28,60,.467,.561,12,19,.632,19,76,95,32,8,3,15,39,113,willija07
368,Charles Bassey,C,22,SAS,24,1,327,47,70,.671,2,6,.333,45,64,.703,.686,16,24,.667,44,81,125,29,8,22,28,50,112,bassech01
369,James Bouknight,SG,22,CHO,26,0,354,40,122,.328,16,64,.250,24,58,.414,.393,15,22,.682,5,46,51,28,13,4,19,29,111,bouknja01
370,Keon Johnson,SG,20,POR,25,0,263,41,112,.366,19,54,.352,22,58,.379,.451,9,17,.529,7,27,34,24,12,4,27,27,110,johnske07
371,Richaun Holmes,C,29,SAC,33,1,301,47,69,.681,3,4,.750,44,65,.677,.703,12,15,.800,24,47,71,5,3,11,12,45,109,holmeri01
372,Day'Ron Sharpe,C,21,BRK,29,1,281,44,84,.524,4,5,.800,40,79,.506,.548,15,23,.652,46,56,102,20,5,15,25,53,107,sharpda01
373,A.J. Green,SG,23,MIL,24,0,219,37,84,.440,28,70,.400,9,14,.643,.607,4,4,1.000,4,22,26,11,5,0,7,23,106,greenaj01
374,Eugene Omoruyi,SF,25,OKC,21,2,256,42,89,.472,8,30,.267,34,59,.576,.517,14,23,.609,21,28,49,11,13,0,15,43,106,omorueu01
375,Orlando Robinson,C,22,MIA,25,1,356,42,80,.525,0,5,.000,42,75,.560,.525,20,27,.741,39,64,103,20,12,11,13,45,104,robinor01
376,Simone Fontecchio,SF,27,UTA,27,0,235,34,90,.378,22,64,.344,12,26,.462,.500,9,14,.643,12,17,29,10,3,5,15,22,99,fontesi01
377,Blake Griffin,C,33,BOS,23,10,308,35,70,.500,14,36,.389,21,34,.618,.600,15,23,.652,18,55,73,25,6,3,9,39,99,griffbl01
378,Chuma Okeke,SF,24,ORL,18,7,392,32,87,.368,18,60,.300,14,27,.519,.471,16,21,.762,21,55,76,26,11,9,9,34,98,okekech01
379,Kevon Harris,SG,25,ORL,27,0,336,32,77,.416,11,28,.393,21,49,.429,.487,22,27,.815,23,30,53,12,13,3,16,36,97,harrike01
380,Jake LaRavia,PF,21,MEM,29,0,380,34,86,.395,21,62,.339,13,24,.542,.517,7,9,.778,16,43,59,21,12,4,18,47,96,laravja01
381,Markieff Morris,PF,33,BRK,27,1,285,33,82,.402,20,49,.408,13,33,.394,.524,10,10,1.000,13,46,59,25,8,5,14,33,96,morrima02
382,Furkan Korkmaz,SG,25,PHI,25,0,255,32,78,.410,12,35,.343,20,43,.465,.487,19,29,.655,6,23,29,18,6,3,15,10,95,korkmfu01
383,Saben Lee,PG,23,TOT,16,0,243,28,64,.438,7,16,.438,21,48,.438,.492,30,39,.769,9,20,29,49,10,1,20,21,93,leesa01
384,Bryn Forbes,SG,29,MIN,25,0,268,30,83,.361,14,46,.304,16,37,.432,.446,15,15,1.000,4,11,15,17,7,2,12,22,89,forbebr01
385,Lindy Waters III,SG,25,OKC,20,0,229,29,72,.403,25,66,.379,4,6,.667,.576,5,7,.714,7,26,33,16,6,6,5,21,88,waterli01
386,Robin Lopez,C,34,CLE,29,1,235,36,55,.655,2,3,.667,34,52,.654,.673,12,16,.750,19,21,40,13,1,4,20,33,86,lopezro01
387,Jabari Walker,SF,20,POR,35,0,293,31,74,.419,5,20,.250,26,54,.481,.453,18,25,.720,29,43,72,16,3,5,11,34,85,walkeja01
388,Frank Ntilikina,PG,24,DAL,33,2,388,31,88,.352,10,46,.217,21,42,.500,.409,12,18,.667,5,38,43,39,7,4,23,47,84,ntilila01
389,Nikola Jović,PF,19,MIA,15,8,204,28,69,.406,8,35,.229,20,34,.588,.464,18,19,.947,9,22,31,10,7,2,10,19,82,jovicni01
390,Davon Reed,SG,27,DEN,35,1,315,25,80,.313,16,44,.364,9,36,.250,.413,15,20,.750,9,46,55,19,13,4,20,36,81,reedda01
391,Juan Toscano-Anderson,SF,29,LAL,30,7,365,33,66,.500,4,20,.200,29,46,.630,.530,11,15,.733,14,47,61,25,10,7,17,46,81,toscaju01
392,Patrick Baldwin Jr.,SF,20,GSW,15,0,127,27,62,.435,22,49,.449,5,13,.385,.613,4,6,.667,0,21,21,3,6,1,7,7,80,baldwpa01
393,Bryce McGowens,SG,20,CHO,22,1,304,27,74,.365,9,26,.346,18,48,.375,.426,17,20,.850,8,28,36,21,4,4,9,17,80,mcgowbr01
394,Ousmane Dieng,SF,19,OKC,19,0,284,32,77,.416,13,45,.289,19,32,.594,.500,2,5,.400,8,41,49,26,5,6,12,22,79,diengou01
395,Jordan McLaughlin,PG,26,MIN,21,0,322,30,72,.417,8,36,.222,22,36,.611,.472,9,9,1.000,8,24,32,69,17,2,15,8,77,mclaujo01
396,TyTy Washington Jr.,PG,21,HOU,20,0,230,33,88,.375,7,41,.171,26,47,.553,.415,4,8,.500,1,21,22,24,8,1,9,23,77,washity02
397,Kai Jones,C,22,CHO,27,0,237,31,59,.525,3,11,.273,28,48,.583,.551,8,12,.667,20,32,52,5,5,11,9,30,73,joneska01
398,Ish Smith,PG,34,DEN,26,0,241,35,77,.455,2,6,.333,33,71,.465,.468,1,2,.500,3,26,29,49,6,6,30,22,73,smithis01
399,Kemba Walker,PG,32,DAL,9,1,144,24,57,.421,7,28,.250,17,29,.586,.482,17,21,.810,3,13,16,19,2,2,4,11,72,walkeke02
400,Frank Kaminsky,C,29,ATL,26,0,176,25,44,.568,11,23,.478,14,21,.667,.693,10,12,.833,3,33,36,21,5,1,9,21,71,kaminfr01
401,Ricky Rubio,PG,32,CLE,12,0,195,25,70,.357,13,40,.325,12,30,.400,.450,8,12,.667,2,29,31,46,10,1,9,19,71,rubiori01
402,Goga Bitadze,C,23,IND,21,0,202,27,52,.519,4,14,.286,23,38,.605,.558,11,24,.458,25,24,49,18,9,10,12,34,69,bitadgo01
403,Terry Taylor,PF,23,IND,26,2,228,30,65,.462,4,18,.222,26,47,.553,.492,5,7,.714,22,17,39,10,3,5,9,24,69,taylote01
404,Serge Ibaka,C,33,MIL,16,0,185,26,54,.481,6,18,.333,20,36,.556,.537,8,13,.615,15,29,44,4,2,7,11,23,66,ibakase01
405,Rodney McGruder,SG,31,DET,20,2,213,21,56,.375,15,40,.375,6,16,.375,.509,8,11,.727,10,17,27,14,5,0,7,15,65,mcgruro01
406,Jamal Cain,SF,23,MIA,13,0,181,25,48,.521,2,11,.182,23,37,.622,.542,12,16,.750,12,26,38,8,8,0,4,15,64,cainja01
407,Gary Payton II,PG,30,POR,15,1,255,24,41,.585,9,17,.529,15,24,.625,.695,4,4,1.000,10,29,39,22,16,1,12,29,61,paytoga02
408,Kira Lewis Jr.,PG,21,NOP,11,0,122,23,48,.479,5,14,.357,18,34,.529,.531,9,9,1.000,3,19,22,11,2,1,5,16,60,lewiski01
409,Kennedy Chandler,PG,20,MEM,23,0,220,26,66,.394,2,14,.143,24,52,.462,.409,5,11,.455,6,24,30,46,10,5,16,13,59,chandke01
410,Gorgui Dieng,C,33,SAS,17,1,166,22,54,.407,10,36,.278,12,18,.667,.500,3,4,.750,16,32,48,27,1,7,14,24,57,dienggo01
411,Damian Jones,C,27,LAL,22,1,176,20,37,.541,0,3,.000,20,34,.588,.541,15,20,.750,18,37,55,4,3,12,9,17,55,jonesda03
412,Theo Pinson,SG,27,DAL,28,0,167,16,40,.400,12,28,.429,4,12,.333,.550,9,11,.818,6,28,34,19,2,0,7,13,53,pinsoth01
413,Moussa Diabaté,PF,21,LAC,15,1,164,20,39,.513,1,2,.500,19,37,.514,.526,10,16,.625,28,16,44,3,5,5,8,13,51,diabamo01
414,Trent Forrest,PG,24,ATL,18,3,239,24,50,.480,0,2,.000,24,48,.500,.480,2,3,.667,5,24,29,31,6,2,10,16,50,forretr01
415,Blake Wesley,SG,19,SAS,11,0,130,20,45,.444,6,12,.500,14,33,.424,.511,4,8,.500,2,11,13,14,3,1,14,17,50,weslebl01
416,Sandro Mamukelashvili,C,23,MIL,21,0,174,16,46,.348,6,25,.240,10,21,.476,.413,9,14,.643,12,33,45,14,2,3,8,14,47,mamuksa01
417,Boban Marjanović,C,34,HOU,17,0,72,18,27,.667,0,1,.000,18,26,.692,.667,11,14,.786,8,18,26,4,1,1,4,2,47,marjabo01
418,David Duke Jr.,SG,23,BRK,15,0,137,21,46,.457,0,6,.000,21,40,.525,.457,4,8,.500,6,9,15,12,6,1,13,25,46,dukeda01
419,KZ Okpala,PF,23,SAC,35,3,248,16,38,.421,7,21,.333,9,17,.529,.513,7,8,.875,7,27,34,13,7,7,7,39,46,okpalkz01
420,Jarrett Culver,SG,23,ATL,10,1,137,17,43,.395,1,12,.083,16,31,.516,.407,9,13,.692,10,28,38,6,6,2,7,14,44,culveja01
421,Otto Porter Jr.,SF,29,TOR,8,2,146,15,30,.500,6,17,.353,9,13,.692,.600,8,8,1.000,6,13,19,8,11,0,4,7,44,porteot01
422,Khem Birch,C,30,TOR,20,0,162,19,32,.594,1,2,.500,18,30,.600,.609,4,5,.800,8,17,25,7,5,5,8,24,43,birchkh01
423,Garrett Temple,SG,36,NOP,17,0,126,15,35,.429,9,21,.429,6,14,.429,.557,3,4,.750,2,9,11,10,9,1,3,14,42,templga01
424,McKinley Wright IV,PG,24,DAL,18,1,180,17,42,.405,1,10,.100,16,32,.500,.417,6,10,.600,6,19,25,30,7,3,12,17,41,wrighmc01
425,Jonathan Isaac,PF,25,ORL,7,0,69,17,37,.459,4,12,.333,13,25,.520,.514,1,3,.333,10,16,26,4,7,2,0,3,39,isaacjo01
426,Jason Preston,PG,23,LAC,12,0,118,17,40,.425,5,18,.278,12,22,.545,.488,0,2,.000,2,20,22,27,2,0,9,7,39,prestja01
427,Wendell Moore Jr.,SG,21,MIN,23,2,138,15,36,.417,2,15,.133,13,21,.619,.444,4,5,.800,2,14,16,16,5,5,8,13,36,moorewe01
428,Cody Martin,SF,27,CHO,7,0,134,14,36,.389,3,14,.214,11,22,.500,.431,4,7,.571,8,16,24,11,4,1,2,13,35,martico01
429,Josh Minott,SF,20,MIN,10,0,67,14,27,.519,1,4,.250,13,23,.565,.537,6,6,1.000,5,17,22,3,3,6,0,7,35,minotjo01
430,Udoka Azubuike,C,23,UTA,20,0,95,16,19,.842,0,0,,16,19,.842,.842,2,6,.333,10,24,34,5,2,4,5,9,34,azubuud01
431,Matthew Dellavedova,PG,32,SAC,23,0,145,12,32,.375,6,15,.400,6,17,.353,.469,3,5,.600,1,7,8,33,6,0,8,14,33,dellama01
432,Nerlens Noel,C,28,DET,14,3,152,12,30,.400,1,2,.500,11,28,.393,.417,7,10,.700,7,30,37,7,13,9,8,25,32,noelne01
433,Greg Brown III,PF,21,POR,16,0,93,11,28,.393,1,7,.143,10,21,.476,.411,5,12,.417,2,17,19,3,4,5,6,13,28,browngr01
434,Jeff Dowtin,PG,25,TOR,14,0,93,12,25,.480,1,4,.250,11,21,.524,.500,3,3,1.000,5,8,13,12,2,1,2,5,28,dowtije01
435,Jordan Hall,SF,21,SAS,9,0,83,9,28,.321,3,15,.200,6,13,.462,.375,7,9,.778,3,9,12,11,1,0,7,6,28,halljo02
436,Joshua Primo,SG,20,SAS,4,0,93,9,26,.346,3,12,.250,6,14,.429,.404,7,9,.778,2,11,13,18,1,2,11,8,28,primojo01
437,Mamadi Diakite,PF,26,CLE,16,2,98,11,26,.423,4,15,.267,7,11,.636,.500,0,0,,3,9,12,2,2,6,6,13,26,diakima01
438,James Johnson,PF,35,IND,12,1,98,10,27,.370,3,10,.300,7,17,.412,.426,3,4,.750,2,14,16,7,4,5,5,24,26,johnsja01
439,Vit Krejci,PG,22,ATL,20,0,117,10,27,.370,5,18,.278,5,9,.556,.463,1,2,.500,2,11,13,11,3,1,3,11,26,krejcvi01
440,Noah Vonleh,C,27,BOS,23,1,171,11,24,.458,1,4,.250,10,20,.500,.479,2,2,1.000,18,30,48,7,2,8,11,35,25,vonleno01
441,A.J. Lawson,SG,22,TOT,12,0,50,9,20,.450,5,13,.385,4,7,.571,.575,1,3,.333,1,7,8,1,0,0,1,7,24,lawsoaj01
442,Daniel Theis,C,30,IND,4,0,56,10,19,.526,1,4,.250,9,15,.600,.553,3,6,.500,1,9,10,2,0,2,2,4,24,theisda01
443,Ryan Rollins,PG,20,GSW,12,0,62,7,20,.350,3,9,.333,4,11,.364,.425,6,6,1.000,3,9,12,6,1,1,16,10,23,rolliry01
444,Svi Mykhailiuk,SF,25,NYK,13,0,40,6,12,.500,6,10,.600,0,2,.000,.750,3,5,.600,0,7,7,1,1,0,2,1,21,mykhasv01
445,Trevelin Queen,SG,25,IND,7,0,70,7,29,.241,2,15,.133,5,14,.357,.276,5,5,1.000,8,9,17,6,2,5,7,4,21,queentr01
446,Justin Jackson,SF,27,BOS,23,0,107,7,27,.259,5,20,.250,2,7,.286,.352,1,2,.500,2,15,17,9,4,4,2,7,20,jacksju01
447,Keon Ellis,SG,23,SAC,7,0,31,6,9,.667,5,7,.714,1,2,.500,.944,2,3,.667,3,4,7,3,2,1,0,4,19,elliske01
448,Dominick Barlow,SF,19,SAS,6,0,38,6,12,.500,0,4,.000,6,8,.750,.500,6,6,1.000,3,4,7,4,1,0,1,7,18,barlodo01
449,Dru Smith,SG,25,TOT,7,1,92,8,20,.400,2,9,.222,6,11,.545,.450,0,0,,1,14,15,9,7,3,2,13,18,smithdr01
450,Dalen Terry,SG,20,CHI,20,0,64,7,18,.389,1,5,.200,6,13,.462,.417,3,6,.500,1,6,7,7,1,3,4,5,18,terryda01
451,Kenneth Lofton Jr.,PF,20,MEM,7,0,29,7,17,.412,0,3,.000,7,14,.500,.412,3,5,.600,1,3,4,4,0,0,2,4,17,loftoke01
452,Jaden Springer,SG,20,PHI,7,0,26,7,12,.583,0,0,,7,12,.583,.583,3,4,.750,4,3,7,1,2,2,1,7,17,sprinja01
453,Peyton Watson,SG,20,DEN,10,0,36,8,16,.500,1,2,.500,7,14,.500,.531,0,2,.000,3,5,8,1,0,1,2,2,17,watsope01
454,Kessler Edwards,SF,22,BRK,14,1,79,6,24,.250,2,12,.167,4,12,.333,.292,1,2,.500,6,8,14,2,3,1,4,3,15,edwarke02
455,Tyrese Martin,SG,23,ATL,12,0,44,6,16,.375,1,5,.200,5,11,.455,.406,2,2,1.000,2,4,6,0,1,0,1,2,15,martity01
456,Tony Bradley,C,25,CHI,11,0,30,4,9,.444,2,4,.500,2,5,.400,.556,4,4,1.000,1,9,10,1,1,0,1,2,14,bradlto01
457,Scotty Pippen Jr.,PG,22,LAL,6,0,32,4,12,.333,1,3,.333,3,9,.333,.375,5,9,.556,2,2,4,2,2,1,2,3,14,pippesc02
458,Johnny Davis,SG,20,WAS,11,0,57,5,16,.313,0,3,.000,5,13,.385,.313,3,3,1.000,1,6,7,2,0,1,1,12,13,davisjo06
459,Alex Len,C,29,SAC,13,1,46,5,10,.500,0,1,.000,5,9,.556,.500,3,4,.750,4,11,15,5,0,0,4,9,13,lenal01
460,Neemias Queta,C,23,SAC,4,0,25,6,8,.750,0,0,,6,8,.750,.750,0,2,.000,4,5,9,1,0,1,1,7,12,quetane01
461,Jack White,SF,25,DEN,12,0,41,5,13,.385,1,5,.200,4,8,.500,.423,1,1,1.000,3,4,7,0,1,2,1,6,12,whiteja03
462,Thanasis Antetokounmpo,SF,30,MIL,23,0,96,4,17,.235,0,4,.000,4,13,.308,.235,3,6,.500,7,16,23,4,2,3,7,12,11,antetth01
463,Facundo Campazzo,PG,31,DAL,8,0,52,3,13,.231,3,11,.273,0,2,.000,.346,1,2,.500,0,2,2,9,6,0,3,3,10,campafa01
464,Kendall Brown,SG,19,IND,6,0,40,4,7,.571,0,1,.000,4,6,.667,.571,1,2,.500,2,4,6,3,4,0,2,9,9,brownke03
465,Tyler Dorsey,SG,26,DAL,3,0,8,4,5,.800,1,2,.500,3,3,1.000,.900,0,0,,1,1,2,0,0,0,0,0,9,dorsety01
466,Danny Green,SG,35,MEM,3,0,43,3,11,.273,3,8,.375,0,3,.000,.409,0,0,,1,3,4,2,1,0,3,6,9,greenda02
467,Isaiah Mobley,PF,23,CLE,9,0,26,4,8,.500,1,2,.500,3,6,.500,.563,0,0,,1,10,11,0,1,0,0,2,9,mobleis01
468,Cole Swider,SF,23,LAL,5,0,37,3,9,.333,3,8,.375,0,1,.000,.500,0,0,,1,6,7,4,0,0,0,3,9,swideco01
469,Joe Wieskamp,SF,23,TOR,2,0,17,3,5,.600,3,4,.750,0,1,.000,.900,0,0,,0,0,0,1,0,0,1,0,9,wieskjo01
470,Ron Harper Jr.,SF,22,TOR,3,0,9,3,5,.600,2,3,.667,1,2,.500,.800,0,0,,1,1,2,0,0,0,0,0,8,harpero02
471,Andre Iguodala,SF,39,GSW,3,0,42,3,4,.750,1,2,.500,2,2,1.000,.875,0,0,,1,6,7,5,1,1,5,5,7,iguodan01
472,Alize Johnson,PF,26,SAS,4,0,30,3,6,.500,0,2,.000,3,4,.750,.500,1,2,.500,2,8,10,1,1,0,4,3,7,johnsal02
473,Vince Williams Jr.,SG,22,MEM,9,0,49,3,13,.231,1,9,.111,2,4,.500,.269,0,0,,2,5,7,3,4,1,1,6,7,willivi01
474,Leandro Bolmaro,SG,22,UTA,14,0,68,3,20,.150,0,4,.000,3,16,.188,.150,0,0,,4,3,7,7,3,1,7,10,6,bolmale01
475,Justin Champagnie,SF,21,TOR,3,0,11,3,3,1.000,0,0,,3,3,1.000,1.000,0,0,,1,3,4,1,0,0,0,1,6,champju01
476,Trevor Hudgins,PG,23,HOU,2,0,10,1,1,1.000,1,1,1.000,0,0,,1.500,3,3,1.000,0,0,0,3,0,0,0,0,6,hudgitr01
477,PJ Dozier,SG,26,SAC,4,0,10,2,3,.667,1,2,.500,1,1,1.000,.833,0,0,,0,2,2,0,3,0,0,0,5,doziepj01
478,Vernon Carey Jr.,C,21,WAS,9,0,24,1,6,.167,0,0,,1,6,.167,.167,2,2,1.000,3,5,8,2,2,2,2,4,4,careyve01
479,Braxton Key,SF,25,DET,3,0,9,1,1,1.000,0,0,,1,1,1.000,1.000,2,2,1.000,0,1,1,0,0,0,0,0,4,keybr01
480,Micah Potter,PF,24,UTA,3,0,14,2,2,1.000,0,0,,2,2,1.000,1.000,0,0,,1,2,3,2,0,0,0,2,4,pottemi01
481,Dereon Seabron,SG,22,NOP,4,0,8,2,4,.500,0,0,,2,4,.500,.500,0,0,,1,0,1,0,0,0,0,1,4,seabrde01
482,Ryan Arcidiacono,PG,28,NYK,11,0,26,1,5,.200,1,3,.333,0,2,.000,.300,0,0,,0,4,4,2,2,0,1,3,3,arcidry01
483,Devon Dotson,PG,23,WAS,6,0,53,1,10,.100,1,4,.250,0,6,.000,.150,0,0,,6,4,10,8,5,0,3,9,3,dotsode01
484,Udonis Haslem,C,42,MIA,6,1,46,1,12,.083,0,2,.000,1,10,.100,.083,1,2,.500,4,4,8,0,1,1,0,8,3,hasleud01
485,Jordan Schakel,SF,24,WAS,2,0,6,1,2,.500,1,1,1.000,0,1,.000,.750,0,0,,0,0,0,1,1,0,0,1,3,schakjo01
486,John Butler,C,20,POR,7,0,24,1,4,.250,0,3,.000,1,1,1.000,.250,0,0,,1,1,2,1,0,1,0,2,2,butlejo01
487,JD Davison,PG,20,BOS,5,0,12,1,5,.200,0,2,.000,1,3,.333,.200,0,0,,0,2,2,1,1,0,1,0,2,davisjd01
488,Darius Days,PF,23,HOU,1,0,2,1,1,1.000,0,0,,1,1,1.000,1.000,0,0,,1,1,2,1,0,0,0,0,2,daysda01
489,Carlik Jones,PG,25,CHI,1,0,1,1,1,1.000,0,0,,1,1,1.000,1.000,0,0,,0,0,0,0,0,0,0,0,2,jonesca03
490,Mfiondu Kabengele,PF,25,BOS,2,0,14,1,2,.500,0,1,.000,1,1,1.000,.500,0,0,,3,2,5,0,0,0,1,3,2,kabenmf01
491,Chima Moneke,SF,27,SAC,2,0,8,1,2,.500,0,0,,1,2,.500,.500,0,2,.000,2,0,2,1,0,0,2,2,2,monekch01
492,Jared Rhoden,SG,23,DET,1,0,12,1,3,.333,0,1,.000,1,2,.500,.333,0,0,,0,1,1,0,0,0,0,3,2,rhodeja01
493,Chris Silva,PF,26,DAL,1,0,3,1,1,1.000,0,0,,1,1,1.000,1.000,0,0,,0,0,0,0,0,0,1,2,2,silvach01
494,Isaiah Todd,PF,21,WAS,4,0,13,1,4,.250,0,3,.000,1,1,1.000,.250,0,0,,0,0,0,0,0,0,0,0,2,toddis01
495,Buddy Boeheim,PG,23,DET,1,0,1,0,0,,0,0,,0,0,,,0,0,,0,0,0,0,0,0,0,0,0,boehebu01
496,Sterling Brown,SG,27,LAL,4,0,24,0,4,.000,0,2,.000,0,2,.000,.000,0,0,,3,5,8,2,3,0,0,4,0,brownst02
497,Deonte Burton,SG,29,SAC,2,0,6,0,2,.000,0,1,.000,0,1,.000,.000,0,0,,0,0,0,0,0,0,0,0,0,burtode02
498,Julian Champagnie,SF,21,PHI,2,0,7,0,2,.000,0,1,.000,0,1,.000,.000,0,0,,0,0,0,0,1,0,0,0,0,champju02
499,Michael Foster Jr.,PF,20,PHI,1,0,1,0,0,,0,0,,0,0,,,0,0,,0,0,0,0,0,0,0,0,0,fostemi02
500,Malcolm Hill,SF,27,CHI,4,0,2,0,0,,0,0,,0,0,,,0,0,,0,1,1,0,0,0,0,0,0,hillma01
501,Trevor Keels,SG,19,NYK,1,0,1,0,1,.000,0,1,.000,0,0,,.000,0,0,,0,1,1,0,0,0,0,0,0,keelstr01
502,Marko Simonovic,C,23,CHI,2,0,3,0,1,.000,0,1,.000,0,0,,.000,0,0,,0,0,0,0,0,0,0,0,0,simonma01
503,Alondes Williams,SG,23,BRK,1,0,5,0,0,,0,0,,0,0,,,0,0,,0,1,1,0,0,0,2,1,0,willial06